observation_date,ICSA,ICNSA,CCSA,CCNSA
2000-12-02,338000,447262,2229000,2211195
2000-12-09,321000,390088,2263000,2315331
2000-12-16,354000,402476,2322000,2356340
2000-12-23,364000,481720,2340000,2525315
2000-12-30,353000,568973,2378000,2983919
2001-01-06,337000,558768,2357000,3067097
2001-01-13,318000,599562,2367000,2833258
2001-01-20,343000,398188,2419000,3048535
2001-01-27,362000,447386,2440000,2950004
2001-02-03,376000,424696,2489000,3052109
2001-02-10,365000,396151,2435000,2936361
2001-02-17,358000,345841,2516000,3003753
2001-02-24,386000,357591,2506000,3016843
2001-03-03,384000,379286,2558000,3049224
2001-03-10,393000,377210,2557000,2966369
2001-03-17,393000,351497,2605000,2984895
2001-03-24,378000,334747,2587000,2860911
2001-03-31,388000,328576,2620000,2844860
2001-04-07,398000,397282,2582000,2672762
2001-04-14,383000,346981,2742000,2840579
2001-04-21,400000,369745,2737000,2709206
2001-04-28,406000,353831,2728000,2670426
2001-05-05,381000,336319,2732000,2551534
2001-05-12,390000,331765,2800000,2611965
2001-05-19,402000,338374,2819000,2562318
2001-05-26,405000,346231,2926000,2616172
2001-06-02,406000,335765,2919000,2680033
2001-06-09,411000,397015,2948000,2685697
2001-06-16,394000,354526,2939000,2703845
2001-06-23,381000,351770,2972000,2731320
2001-06-30,394000,375885,2959000,2665672
2001-07-07,401000,526826,3063000,3093737
2001-07-14,405000,524139,3029000,3101591
2001-07-21,398000,406038,2975000,2900831
2001-07-28,388000,332957,3056000,2937020
2001-08-04,401000,341660,3079000,2897604
2001-08-11,394000,333042,3125000,2928424
2001-08-18,402000,317046,3113000,2855016
2001-08-25,395000,307850,3163000,2859180
2001-09-01,402000,319016,3213000,2740783
2001-09-08,408000,309567,3197000,2793972
2001-09-15,395000,317245,3214000,2703020
2001-09-22,453000,353611,3302000,2737709
2001-09-29,517000,400400,3385000,2796316
2001-10-06,476000,441754,3432000,2797405
2001-10-13,482000,426881,3521000,2964702
2001-10-20,482000,429542,3557000,3030241
2001-10-27,483000,436901,3600000,3092575
2001-11-03,440000,443971,3616000,3181759
2001-11-10,428000,456366,3627000,3180486
2001-11-17,431000,420259,3790000,3141998
2001-11-24,491000,438893,3593000,3721973
2001-12-01,465000,605916,3619000,3626565
2001-12-08,393000,491836,3626000,3665759
2001-12-15,389000,440906,3637000,3734892
2001-12-22,416000,529570,3591000,3619326
2001-12-29,421000,647045,3474000,4228206
2002-01-05,397000,637343,3587000,4685080
2002-01-12,418000,799246,3500000,4290623
2002-01-19,405000,558297,3557000,4325313
2002-01-26,414000,431690,3558000,4262481
2002-02-02,404000,445552,3537000,4347221
2002-02-09,397000,438611,3562000,4238337
2002-02-16,397000,376573,3580000,4270421
2002-02-23,398000,367504,3538000,4234460
2002-03-02,392000,385272,3567000,4259454
2002-03-09,399000,386992,3567000,4109695
2002-03-16,392000,352045,3598000,4133800
2002-03-23,415000,366372,3599000,3962242
2002-03-30,479000,386296,3723000,4061959
2002-04-06,445000,432384,3732000,3851621
2002-04-13,442000,428834,3650000,3788429
2002-04-20,416000,385151,3675000,3641561
2002-04-27,414000,367350,3700000,3633702
2002-05-04,409000,362681,3712000,3470968
2002-05-11,413000,358286,3729000,3483300
2002-05-18,411000,348887,3695000,3373492
2002-05-25,403000,346439,3712000,3325982
2002-06-01,378000,309183,3664000,3356032
2002-06-08,388000,378613,3681000,3364030
2002-06-15,396000,356096,3604000,3315777
2002-06-22,388000,358959,3639000,3340273
2002-06-29,386000,358658,3588000,3218111
2002-07-06,391000,456716,3554000,3568069
2002-07-13,384000,506718,3495000,3589337
2002-07-20,379000,394586,3473000,3403334
2002-07-27,390000,338441,3495000,3361794
2002-08-03,388000,326356,3498000,3309272
2002-08-10,389000,332673,3485000,3272880
2002-08-17,399000,313869,3531000,3258658
2002-08-24,398000,314852,3521000,3193748
2002-08-31,394000,310864,3549000,3052551
2002-09-07,416000,318361,3532000,3107849
2002-09-14,412000,337577,3554000,3013696
2002-09-21,401000,317264,3579000,2988181
2002-09-28,409000,319063,3555000,2954225
2002-10-05,404000,365613,3619000,2974814
2002-10-12,405000,385689,3529000,2967513
2002-10-19,412000,349927,3518000,3021815
2002-10-26,409000,375591,3557000,3059193
2002-11-02,405000,397346,3557000,3137165
2002-11-09,400000,427078,3539000,3100218
2002-11-16,389000,372829,3438000,3263052
2002-11-23,390000,436549,3474000,3106044
2002-11-30,377000,385788,3404000,3618507
2002-12-07,425000,547430,3537000,3543993
2002-12-14,429000,486258,3497000,3630381
2002-12-21,394000,483449,3435000,3428329
2002-12-28,409000,620929,3462000,4081930
2003-01-04,393000,620004,3438000,4486870
2003-01-11,378000,724111,3388000,4123632
2003-01-18,402000,542563,3357000,4068516
2003-01-25,407000,434888,3475000,4149700
2003-02-01,413000,449286,3368000,4148823
2003-02-08,390000,439520,3457000,4089677
2003-02-15,420000,398291,3423000,4089902
2003-02-22,421000,387536,3500000,4192955
2003-03-01,436000,429782,3496000,4191412
2003-03-08,424000,414568,3559000,4096551
2003-03-15,430000,389909,3528000,4067954
2003-03-22,411000,361492,3585000,3939370
2003-03-29,436000,371692,3536000,3875224
2003-04-05,417000,394160,3583000,3701064
2003-04-12,434000,434911,3586000,3736748
2003-04-19,450000,399180,3674000,3652316
2003-04-26,444000,401342,3676000,3621018
2003-05-03,428000,377383,3730000,3502794
2003-05-10,417000,364287,3704000,3459502
2003-05-17,425000,362276,3716000,3400384
2003-05-24,419000,359500,3672000,3297674
2003-05-31,431000,351890,3774000,3438524
2003-06-07,429000,421190,3682000,3376503
2003-06-14,421000,383371,3695000,3396155
2003-06-21,408000,376560,3692000,3392668
2003-06-28,429000,394214,3737000,3330104
2003-07-05,433000,483401,3627000,3627409
2003-07-12,412000,552621,3599000,3692996
2003-07-19,403000,429381,3592000,3541796
2003-07-26,398000,348382,3647000,3508332
2003-08-02,401000,333770,3601000,3417741
2003-08-09,404000,348207,3596000,3379961
2003-08-16,398000,312087,3603000,3343254
2003-08-23,391000,313058,3574000,3252130
2003-08-30,407000,319362,3608000,3120553
2003-09-06,422000,322501,3598000,3173450
2003-09-13,394000,328414,3559000,3039387
2003-09-20,379000,301217,3588000,3006347
2003-09-27,387000,304968,3558000,2964170
2003-10-04,386000,337880,3570000,2949032
2003-10-11,376000,368876,3468000,2895596
2003-10-18,387000,328572,3466000,2994670
2003-10-25,379000,352117,3441000,2952618
2003-11-01,363000,345573,3427000,3025662
2003-11-08,371000,397387,3441000,2996756
2003-11-15,370000,347719,3331000,3137692
2003-11-22,354000,397990,3337000,2949992
2003-11-29,357000,357811,3331000,3397952
2003-12-06,367000,486202,3318000,3287681
2003-12-13,363000,412627,3251000,3393846
2003-12-20,354000,424192,3254000,3247595
2003-12-27,349000,516493,3258000,3730752
2004-01-03,356000,552815,3188000,4150431
2004-01-10,354000,677897,3154000,3851300
2004-01-17,362000,490763,3139000,3798519
2004-01-24,353000,382262,3142000,3773316
2004-01-31,376000,406298,3118000,3850990
2004-02-07,380000,433234,3179000,3776188
2004-02-14,356000,341634,3131000,3729369
2004-02-21,359000,328171,3092000,3738056
2004-02-28,348000,342140,3057000,3674294
2004-03-06,344000,339007,3072000,3551292
2004-03-13,338000,312067,3040000,3513900
2004-03-20,346000,304462,3066000,3385174
2004-03-27,340000,296776,3007000,3310942
2004-04-03,335000,304249,2990000,3112845
2004-04-10,355000,350739,3022000,3143186
2004-04-17,364000,334965,3031000,3037412
2004-04-24,339000,313686,2960000,2915357
2004-05-01,324000,283236,2998000,2836423
2004-05-08,329000,292754,2978000,2772073
2004-05-15,349000,297061,2976000,2734768
2004-05-22,342000,293974,3010000,2702892
2004-05-29,337000,304067,2916000,2633372
2004-06-05,355000,308229,2923000,2674791
2004-06-12,339000,313930,2990000,2733296
2004-06-19,354000,322481,2973000,2720586
2004-06-26,348000,318746,2917000,2741743
2004-07-03,326000,349920,2948000,2720765
2004-07-10,345000,444531,2852000,2894749
2004-07-17,355000,394372,2956000,2938264
2004-07-24,348000,313225,2935000,2814264
2004-07-31,341000,282128,2894000,2755374
2004-08-07,336000,291611,2920000,2732802
2004-08-14,332000,262936,2889000,2692183
2004-08-21,343000,274433,2877000,2614899
2004-08-28,352000,276308,2880000,2580150
2004-09-04,326000,274930,2872000,2455140
2004-09-11,331000,250568,2875000,2475605
2004-09-18,341000,275846,2865000,2397828
2004-09-25,351000,282729,2839000,2368048
2004-10-02,335000,279591,2799000,2320254
2004-10-09,338000,338711,2773000,2293444
2004-10-16,327000,279846,2781000,2402533
2004-10-23,338000,317573,2774000,2371518
2004-10-30,332000,305546,2763000,2434394
2004-11-06,330000,351404,2765000,2388670
2004-11-13,337000,311901,2707000,2528643
2004-11-20,313000,355954,2705000,2331862
2004-11-27,335000,320690,2761000,2880075
2004-12-04,343000,473570,2725000,2684337
2004-12-11,316000,370604,2692000,2820965
2004-12-18,322000,374749,2688000,2712542
2004-12-25,320000,446699,2771000,3025945
2005-01-01,356000,540927,2672000,3401253
2005-01-08,369000,693776,2720000,3342292
2005-01-15,332000,467862,2790000,3311633
2005-01-22,329000,360583,2706000,3263705
2005-01-29,331000,364704,2731000,3296052
2005-02-05,307000,347391,2710000,3216436
2005-02-12,308000,309290,2666000,3239778
2005-02-19,318000,303814,2667000,3096036
2005-02-26,314000,290776,2703000,3226999
2005-03-05,333000,332067,2658000,3085920
2005-03-12,324000,307061,2681000,3090703
2005-03-19,329000,290719,2616000,2914529
2005-03-26,342000,291378,2683000,2959537
2005-04-02,335000,294994,2653000,2809420
2005-04-09,323000,339709,2626000,2731177
2005-04-16,307000,285657,2559000,2612500
2005-04-23,317000,299891,2588000,2564797
2005-04-30,334000,290824,2596000,2507877
2005-05-07,327000,297347,2605000,2443129
2005-05-14,321000,275524,2568000,2398134
2005-05-21,320000,276761,2595000,2361073
2005-05-28,340000,304306,2577000,2342313
2005-06-04,338000,289914,2630000,2432328
2005-06-11,333000,315938,2599000,2395982
2005-06-18,321000,289831,2602000,2404688
2005-06-25,311000,286681,2569000,2415224
2005-07-02,327000,327268,2612000,2410697
2005-07-09,338000,427323,2583000,2624504
2005-07-16,323000,374665,2619000,2634714
2005-07-23,318000,295026,2592000,2508852
2005-07-30,316000,261906,2570000,2467095
2005-08-06,311000,269746,2584000,2436846
2005-08-13,319000,257151,2573000,2418884
2005-08-20,315000,252016,2598000,2379439
2005-08-27,318000,251642,2568000,2323719
2005-09-03,326000,271613,2575000,2216756
2005-09-10,422000,322387,2651000,2311981
2005-09-17,424000,346204,2787000,2349781
2005-09-24,359000,292435,2853000,2393581
2005-10-01,384000,313847,2841000,2372126
2005-10-08,383000,380093,2831000,2343807
2005-10-15,348000,303158,2821000,2437294
2005-10-22,324000,304733,2772000,2378680
2005-10-29,322000,294376,2752000,2416475
2005-11-05,325000,340491,2746000,2364283
2005-11-12,309000,283564,2760000,2564292
2005-11-19,324000,368859,2712000,2302708
2005-11-26,311000,290730,2587000,2695927
2005-12-03,321000,444600,2589000,2542217
2005-12-10,327000,391961,2620000,2709414
2005-12-17,312000,359108,2660000,2691842
2005-12-24,320000,433397,2668000,2823270
2005-12-31,302000,475889,2660000,3155322
2006-01-07,326000,555114,2561000,3162229
2006-01-14,285000,439873,2586000,3044307
2006-01-21,290000,317926,2516000,3051709
2006-01-28,282000,318805,2565000,3074962
2006-02-04,289000,321527,2520000,3006942
2006-02-11,298000,310078,2517000,3017838
2006-02-18,283000,269571,2488000,2905648
2006-02-25,293000,272478,2504000,2975296
2006-03-04,302000,301867,2453000,2860513
2006-03-11,307000,294764,2474000,2840272
2006-03-18,303000,269237,2456000,2750543
2006-03-25,295000,265370,2439000,2680141
2006-04-01,291000,253985,2405000,2571168
2006-04-08,299000,314696,2411000,2504901
2006-04-15,299000,268472,2408000,2482997
2006-04-22,308000,291349,2424000,2404269
2006-04-29,321000,279715,2357000,2297774
2006-05-06,347000,317239,2372000,2227582
2006-05-13,335000,288972,2383000,2237925
2006-05-20,319000,277168,2399000,2197167
2006-05-27,330000,292714,2381000,2163894
2006-06-03,307000,260263,2408000,2227031
2006-06-10,298000,285892,2412000,2226057
2006-06-17,308000,277441,2395000,2219876
2006-06-24,309000,287503,2419000,2261568
2006-07-01,316000,304638,2399000,2211698
2006-07-08,343000,418363,2491000,2517917
2006-07-15,318000,377115,2475000,2499741
2006-07-22,306000,288875,2422000,2358926
2006-07-29,311000,259974,2460000,2366848
2006-08-05,318000,275430,2477000,2348543
2006-08-12,310000,256259,2467000,2326364
2006-08-19,315000,252357,2464000,2268911
2006-08-26,314000,251275,2457000,2240524
2006-09-02,315000,259539,2467000,2133891
2006-09-09,314000,240231,2449000,2152929
2006-09-16,324000,267036,2438000,2062962
2006-09-23,319000,261396,2440000,2056523
2006-09-30,309000,249288,2437000,2039526
2006-10-07,316000,307646,2449000,2030299
2006-10-14,305000,271863,2459000,2116794
2006-10-21,313000,291372,2428000,2087657
2006-10-28,328000,301079,2449000,2150055
2006-11-04,319000,326711,2414000,2110151
2006-11-11,311000,286151,2467000,2269427
2006-11-18,326000,367690,2506000,2074608
2006-11-25,349000,323509,2517000,2620460
2006-12-02,327000,448898,2472000,2436936
2006-12-09,311000,384123,2517000,2577271
2006-12-16,318000,361672,2513000,2565805
2006-12-23,323000,425357,2449000,2654693
2006-12-30,341000,499979,2455000,3007436
2007-01-06,330000,506059,2518000,3122227
2007-01-13,296000,506709,2507000,2925963
2007-01-20,335000,367583,2552000,3103449
2007-01-27,308000,359959,2520000,2981310
2007-02-03,310000,339018,2575000,3079780
2007-02-10,338000,363018,2527000,2994128
2007-02-17,321000,305945,2626000,3075023
2007-02-24,322000,299000,2549000,3013239
2007-03-03,320000,320194,2581000,3016840
2007-03-10,308000,298927,2511000,2869668
2007-03-17,309000,277187,2515000,2826536
2007-03-24,303000,273432,2489000,2727408
2007-03-31,307000,268218,2499000,2688419
2007-04-07,332000,328266,2497000,2594605
2007-04-14,327000,317917,2538000,2634301
2007-04-21,321000,303984,2463000,2448102
2007-04-28,301000,267672,2486000,2451671
2007-05-05,300000,274801,2429000,2290364
2007-05-12,297000,258516,2465000,2329671
2007-05-19,310000,270446,2417000,2231139
2007-05-26,310000,273397,2480000,2261581
2007-06-02,313000,263527,2452000,2267710
2007-06-09,313000,302368,2484000,2298047
2007-06-16,320000,290951,2453000,2278797
2007-06-23,313000,292583,2520000,2353893
2007-06-30,317000,300348,2501000,2303357
2007-07-07,321000,417554,2563000,2581098
2007-07-14,317000,383839,2555000,2588709
2007-07-21,310000,298366,2514000,2463232
2007-07-28,305000,257426,2537000,2445524
2007-08-04,314000,270563,2531000,2409122
2007-08-11,316000,266420,2556000,2414968
2007-08-18,321000,257573,2556000,2369648
2007-08-25,329000,266179,2569000,2353210
2007-09-01,314000,257454,2565000,2236358
2007-09-08,321000,245526,2537000,2242616
2007-09-15,313000,261971,2536000,2160459
2007-09-22,302000,247643,2530000,2140701
2007-09-29,317000,255431,2518000,2112935
2007-10-06,316000,298317,2521000,2097457
2007-10-13,335000,306519,2541000,2175026
2007-10-20,334000,307675,2598000,2241942
2007-10-27,328000,303357,2587000,2261001
2007-11-03,327000,325831,2617000,2292297
2007-11-10,333000,351760,2607000,2293872
2007-11-17,332000,323124,2609000,2217421
2007-11-24,352000,324047,2634000,2725801
2007-12-01,344000,462902,2639000,2623378
2007-12-08,332000,423130,2672000,2701670
2007-12-15,350000,393042,2737000,2813226
2007-12-22,355000,456280,2752000,2812232
2007-12-29,360000,507908,2760000,3304308
2008-01-05,346000,522700,2828000,3509826
2008-01-12,322000,547943,2752000,3288631
2008-01-19,321000,415397,2770000,3263036
2008-01-26,366000,369498,2845000,3333980
2008-02-02,350000,380234,2810000,3351862
2008-02-09,344000,377595,2846000,3329894
2008-02-16,339000,325886,2837000,3310911
2008-02-23,354000,330013,2884000,3394243
2008-03-01,345000,345287,2867000,3351954
2008-03-08,348000,341364,2895000,3296982
2008-03-15,369000,335909,2897000,3268145
2008-03-22,368000,316208,2938000,3214056
2008-03-29,387000,342189,2967000,3209920
2008-04-05,354000,357209,2969000,3087716
2008-04-12,365000,370960,2937000,3066005
2008-04-19,349000,328334,2964000,2967150
2008-04-26,370000,337854,2986000,2964706
2008-05-03,370000,335533,2993000,2846543
2008-05-10,366000,325479,2997000,2847327
2008-05-17,367000,319817,3016000,2807612
2008-05-24,369000,326627,3007000,2757822
2008-05-31,362000,300989,3055000,2828892
2008-06-07,382000,373033,3010000,2799718
2008-06-14,378000,349254,3057000,2852595
2008-06-21,381000,358158,3054000,2855557
2008-06-28,392000,368544,3110000,2858010
2008-07-05,371000,401672,3113000,3119577
2008-07-12,385000,476071,3104000,3153562
2008-07-19,402000,403607,3227000,3191698
2008-07-26,434000,374182,3261000,3160029
2008-08-02,448000,381887,3330000,3193245
2008-08-09,430000,372807,3327000,3157267
2008-08-16,424000,342164,3385000,3171619
2008-08-23,421000,344255,3384000,3116252
2008-08-30,442000,360485,3464000,3059025
2008-09-06,441000,336131,3420000,3040383
2008-09-13,449000,381720,3493000,3014496
2008-09-20,483000,397610,3551000,3018620
2008-09-27,483000,392121,3623000,3057698
2008-10-04,482000,426786,3676000,3073515
2008-10-11,461000,454100,3696000,3134390
2008-10-18,478000,416114,3729000,3233118
2008-10-25,480000,449429,3823000,3310892
2008-11-01,490000,466373,3928000,3460633
2008-11-08,512000,539812,4011000,3521951
2008-11-15,536000,513047,4002000,3781631
2008-11-22,532000,609128,4095000,3652990
2008-11-29,529000,537230,4447000,4495571
2008-12-06,570000,760481,4417000,4377029
2008-12-13,566000,629867,4445000,4591216
2008-12-20,587000,719691,4548000,4566281
2008-12-27,533000,717000,4679000,5311032
2009-01-03,503000,731958,4692000,5845860
2009-01-10,551000,956791,4760000,5650014
2009-01-17,591000,763987,4864000,5715432
2009-01-24,586000,620143,4980000,5806901
2009-01-31,629000,682176,5010000,5952109
2009-02-07,637000,710152,5157000,5971341
2009-02-14,632000,619951,5279000,6107800
2009-02-21,655000,605668,5307000,6230217
2009-02-28,652000,645827,5445000,6359961
2009-03-07,660000,652635,5600000,6356097
2009-03-14,651000,601192,5699000,6440135
2009-03-21,661000,590067,5829000,6388414
2009-03-28,665000,599299,5935000,6451690
2009-04-04,653000,623279,6044000,6327841
2009-04-11,599000,610522,6130000,6406046
2009-04-18,639000,596564,6264000,6339490
2009-04-25,620000,583457,6300000,6280863
2009-05-02,602000,536648,6416000,6191149
2009-05-09,625000,570412,6516000,6203661
2009-05-16,620000,540925,6539000,6153284
2009-05-23,606000,538311,6522000,6033293
2009-05-30,607000,500380,6635000,6144006
2009-06-06,596000,581092,6506000,6083219
2009-06-13,595000,562449,6525000,6113832
2009-06-20,608000,572425,6488000,6079261
2009-06-27,594000,563387,6618000,6062527
2009-07-04,573000,585963,6145000,6175227
2009-07-11,546000,677038,6136000,6258240
2009-07-18,560000,590730,6118000,6105329
2009-07-25,587000,516351,6157000,6021088
2009-08-01,555000,470988,6111000,5897272
2009-08-08,555000,486586,6090000,5809704
2009-08-15,562000,461780,6008000,5683164
2009-08-22,560000,460998,6060000,5623445
2009-08-29,564000,460525,5970000,5438521
2009-09-05,558000,470079,6079000,5301307
2009-09-12,542000,414557,6006000,5224957
2009-09-19,536000,441311,5942000,5074784
2009-09-26,554000,449620,5912000,5019227
2009-10-03,533000,456233,5900000,4956333
2009-10-10,511000,513852,5828000,4919102
2009-10-17,531000,464985,5746000,4987516
2009-10-24,530000,499374,5705000,4934724
2009-10-31,522000,487714,5649000,4965336
2009-11-07,512000,537230,5568000,4888630
2009-11-14,507000,479350,5462000,5084817
2009-11-21,482000,547022,5489000,4802559
2009-11-28,475000,462090,5323000,5402723
2009-12-05,497000,673097,5289000,5193809
2009-12-12,498000,561655,5191000,5346238
2009-12-19,479000,571378,5100000,5089577
2009-12-26,468000,561852,4987000,5485710
2010-01-02,456000,651215,4870000,6014881
2010-01-09,469000,825891,4879000,5791336
2010-01-16,507000,659173,4809000,5602811
2010-01-23,471000,507651,4841000,5683672
2010-01-30,496000,538617,4796000,5683482
2010-02-06,466000,512463,4838000,5597271
2010-02-13,489000,482078,4815000,5546388
2010-02-20,500000,458160,4767000,5596737
2010-02-27,488000,474662,4755000,5544103
2010-03-06,472000,462679,4766000,5405031
2010-03-13,478000,439061,4750000,5357581
2010-03-20,472000,413067,4743000,5207496
2010-03-27,459000,412710,4668000,5055002
2010-04-03,479000,421130,4755000,4987473
2010-04-10,479000,514136,4746000,4931238
2010-04-17,469000,436814,4721000,4796318
2010-04-24,449000,429196,4690000,4671227
2010-05-01,451000,399350,4695000,4549602
2010-05-08,451000,414327,4707000,4471786
2010-05-15,474000,414572,4688000,4411435
2010-05-22,463000,410778,4731000,4380562
2010-05-29,458000,418873,4553000,4202202
2010-06-05,459000,398864,4624000,4319021
2010-06-12,467000,448305,4606000,4306402
2010-06-19,452000,427080,4619000,4328074
2010-06-26,464000,444712,4484000,4309375
2010-07-03,454000,470366,4620000,4384591
2010-07-10,439000,515991,4482000,4562782
2010-07-17,462000,502065,4545000,4554316
2010-07-24,465000,413679,4529000,4438886
2010-07-31,476000,402140,4467000,4333445
2010-08-07,483000,425471,4478000,4281074
2010-08-14,486000,405484,4432000,4219639
2010-08-21,464000,384955,4426000,4125414
2010-08-28,467000,383135,4509000,4138965
2010-09-04,452000,381863,4501000,3933895
2010-09-11,444000,341791,4487000,3930908
2010-09-18,459000,382341,4452000,3810921
2010-09-25,459000,372551,4431000,3779910
2010-10-02,446000,373681,4407000,3705947
2010-10-09,459000,462667,4403000,3715967
2010-10-16,444000,394016,4348000,3769438
2010-10-23,432000,408489,4331000,3759365
2010-10-30,453000,421097,4328000,3783097
2010-11-06,434000,452657,4270000,3735938
2010-11-13,432000,409548,4176000,3871043
2010-11-20,407000,464817,4218000,3665787
2010-11-27,432000,412922,4118000,4216488
2010-12-04,428000,585711,4137000,4062531
2010-12-11,425000,491776,4062000,4179504
2010-12-18,424000,495548,4113000,4116684
2010-12-25,404000,525710,4088000,4415512
2011-01-01,413000,578904,3898000,4790155
2011-01-08,434000,773499,3907000,4652805
2011-01-15,421000,549688,3974000,4614149
2011-01-22,446000,485950,3926000,4632950
2011-01-29,420000,464775,3887000,4605543
2011-02-05,402000,440706,3928000,4575640
2011-02-12,425000,424400,3839000,4587740
2011-02-19,394000,380985,3821000,4344862
2011-02-26,385000,353797,3809000,4460146
2011-03-05,414000,407299,3772000,4296805
2011-03-12,404000,371721,3772000,4277092
2011-03-19,407000,354457,3752000,4131066
2011-03-26,399000,357457,3766000,4085667
2011-04-02,395000,353817,3756000,3943591
2011-04-09,416000,448029,3751000,3893218
2011-04-16,402000,381834,3717000,3783787
2011-04-23,422000,387867,3796000,3769810
2011-04-30,468000,415974,3834000,3723271
2011-05-07,435000,397737,3787000,3586266
2011-05-14,414000,361573,3781000,3549972
2011-05-21,423000,376632,3799000,3510507
2011-05-28,418000,381497,3728000,3426345
2011-06-04,423000,366816,3750000,3491359
2011-06-11,413000,400608,3746000,3491533
2011-06-18,416000,394286,3752000,3511416
2011-06-25,421000,406633,3719000,3555831
2011-07-02,418000,425640,3733000,3534925
2011-07-09,408000,473963,3724000,3783316
2011-07-16,420000,470086,3734000,3752532
2011-07-23,411000,369207,3741000,3680729
2011-07-30,406000,341103,3676000,3580433
2011-08-06,405000,354408,3709000,3553649
2011-08-13,409000,346014,3717000,3557586
2011-08-20,415000,344870,3715000,3473182
2011-08-27,409000,336761,3723000,3436188
2011-09-03,414000,348582,3759000,3293105
2011-09-10,429000,328868,3758000,3306720
2011-09-17,422000,353820,3747000,3207559
2011-09-24,406000,328073,3707000,3165909
2011-10-01,405000,332394,3697000,3113245
2011-10-08,410000,405906,3731000,3133644
2011-10-15,395000,357562,3704000,3196554
2011-10-22,403000,377156,3699000,3199527
2011-10-29,399000,369647,3677000,3210417
2011-11-05,392000,402532,3603000,3177477
2011-11-12,383000,363016,3676000,3374259
2011-11-19,385000,440157,3739000,3167053
2011-11-26,397000,372640,3592000,3696154
2011-12-03,387000,528793,3595000,3540663
2011-12-10,368000,435863,3543000,3628343
2011-12-17,368000,421103,3588000,3613414
2011-12-24,386000,497689,3575000,3779025
2011-12-31,376000,540057,3566000,4161063
2012-01-07,391000,646219,3421000,4109127
2012-01-14,367000,525422,3511000,4069651
2012-01-21,381000,416880,3419000,4058236
2012-01-28,372000,422287,3454000,4097013
2012-02-04,368000,401365,3391000,3984889
2012-02-11,361000,365014,3362000,4010489
2012-02-18,359000,346659,3382000,3882527
2012-02-25,365000,334242,3392000,3988890
2012-03-03,375000,368433,3367000,3862329
2012-03-10,369000,340102,3353000,3815580
2012-03-17,368000,319498,3342000,3699473
2012-03-24,363000,323373,3336000,3636712
2012-03-31,358000,315800,3286000,3470104
2012-04-07,387000,390064,3325000,3448040
2012-04-14,381000,370482,3355000,3425138
2012-04-21,387000,370632,3316000,3292783
2012-04-28,372000,333476,3296000,3210670
2012-05-05,373000,341080,3326000,3150177
2012-05-12,369000,325094,3334000,3124324
2012-05-19,371000,330427,3301000,3060148
2012-05-26,381000,346260,3351000,3062538
2012-06-02,377000,324385,3327000,3091216
2012-06-09,383000,376610,3343000,3101927
2012-06-16,384000,364548,3323000,3113846
2012-06-23,380000,370521,3325000,3145031
2012-06-30,372000,369826,3304000,3112199
2012-07-07,360000,442192,3314000,3360067
2012-07-14,390000,455260,3307000,3336728
2012-07-21,368000,340780,3290000,3246888
2012-07-28,372000,312931,3312000,3242883
2012-08-04,371000,320219,3302000,3180011
2012-08-11,369000,317680,3296000,3167174
2012-08-18,376000,311857,3306000,3117558
2012-08-25,377000,312542,3321000,3085324
2012-09-01,371000,309537,3327000,2930825
2012-09-08,393000,299729,3312000,2927923
2012-09-15,392000,330454,3316000,2841521
2012-09-22,377000,303685,3308000,2822093
2012-09-29,376000,301046,3309000,2786146
2012-10-06,350000,329925,3295000,2754663
2012-10-13,386000,362730,3302000,2816677
2012-10-20,374000,345227,3285000,2838463
2012-10-27,364000,339924,3223000,2784503
2012-11-03,365000,361823,3368000,2964164
2012-11-10,446000,478551,3364000,2946437
2012-11-17,406000,403636,3325000,2836478
2012-11-24,388000,358865,3248000,3316536
2012-12-01,375000,500163,3195000,3175601
2012-12-08,340000,429191,3229000,3245480
2012-12-15,356000,401431,3179000,3255119
2012-12-22,362000,457584,3221000,3285394
2012-12-29,362000,490126,3127000,3730872
2013-01-05,363000,557424,3147000,3868120
2013-01-12,344000,558047,3108000,3707375
2013-01-19,339000,437360,3138000,3671018
2013-01-26,366000,369567,3138000,3736830
2013-02-02,361000,388708,3075000,3661840
2013-02-09,347000,361759,3081000,3663619
2013-02-16,362000,351087,3036000,3531404
2013-02-23,342000,310512,3043000,3606019
2013-03-02,340000,335794,3011000,3495559
2013-03-09,343000,317661,3024000,3453312
2013-03-16,343000,301471,3028000,3394036
2013-03-23,358000,316133,3046000,3344342
2013-03-30,375000,317494,3080000,3286211
2013-04-06,359000,356935,3076000,3195675
2013-04-13,356000,359415,3024000,3096325
2013-04-20,343000,326264,3027000,3020992
2013-04-27,331000,301622,3039000,2963249
2013-05-04,335000,301602,3042000,2883832
2013-05-11,360000,320253,2975000,2769495
2013-05-18,343000,303357,3020000,2799681
2013-05-25,353000,319508,3012000,2734582
2013-06-01,346000,294608,2999000,2771143
2013-06-08,337000,332964,3004000,2772541
2013-06-15,353000,336970,2996000,2801508
2013-06-22,347000,336901,2962000,2778190
2013-06-29,340000,335424,3003000,2807991
2013-07-06,351000,383811,3113000,3146960
2013-07-13,344000,410974,3011000,3047517
2013-07-20,355000,340457,2947000,2920771
2013-07-27,334000,281692,3010000,2952831
2013-08-03,339000,288861,2944000,2853207
2013-08-10,327000,282756,2987000,2873345
2013-08-17,340000,281164,2968000,2819994
2013-08-24,336000,279803,2934000,2737229
2013-08-31,325000,269359,2839000,2512460
2013-09-07,300000,229648,2822000,2499855
2013-09-14,323000,272946,2863000,2456548
2013-09-21,314000,255087,2954000,2513759
2013-09-28,319000,252196,2944000,2476262
2013-10-05,368000,335937,2929000,2437325
2013-10-12,368000,360957,2925000,2465939
2013-10-19,351000,312037,2933000,2525254
2013-10-26,347000,325326,2927000,2511754
2013-11-02,342000,331867,2873000,2510618
2013-11-09,340000,364167,2925000,2556519
2013-11-16,331000,327053,2837000,2689171
2013-11-23,316000,369197,2813000,2506700
2013-11-30,312000,321896,2808000,2970677
2013-12-07,354000,463413,2892000,2880807
2013-12-14,364000,414613,2903000,3004483
2013-12-21,334000,418272,2832000,2854624
2013-12-28,332000,452664,2807000,3298387
2014-01-04,322000,488537,2903000,3611093
2014-01-11,318000,534966,2907000,3487905
2014-01-18,327000,416116,2847000,3373217
2014-01-25,340000,357806,2850000,3422557
2014-02-01,331000,357742,2852000,3440027
2014-02-08,337000,360338,2859000,3411217
2014-02-15,332000,322761,2861000,3367239
2014-02-22,341000,312665,2823000,3375731
2014-03-01,319000,317832,2787000,3277983
2014-03-08,322000,302311,2816000,3233107
2014-03-15,321000,285970,2764000,3132104
2014-03-22,313000,274072,2800000,3090665
2014-03-29,330000,294862,2729000,2942180
2014-04-05,311000,299162,2730000,2853279
2014-04-12,308000,318793,2680000,2757378
2014-04-19,327000,299182,2767000,2766506
2014-04-26,345000,318127,2707000,2641583
2014-05-03,325000,288748,2702000,2559236
2014-05-10,303000,270738,2691000,2494495
2014-05-17,324000,287398,2657000,2455022
2014-05-24,305000,275412,2646000,2394378
2014-05-31,312000,264133,2641000,2424134
2014-06-07,317000,313371,2598000,2387182
2014-06-14,314000,301195,2595000,2413778
2014-06-21,315000,305029,2583000,2412611
2014-06-28,308000,305791,2579000,2395821
2014-07-05,302000,322753,2540000,2558065
2014-07-12,308000,370559,2528000,2563164
2014-07-19,294000,287049,2542000,2524006
2014-07-26,303000,257625,2524000,2481360
2014-08-02,295000,247877,2530000,2462156
2014-08-09,309000,269468,2508000,2412394
2014-08-16,303000,249463,2517000,2403823
2014-08-23,300000,249006,2483000,2319238
2014-08-30,303000,249780,2486000,2212896
2014-09-06,307000,234755,2452000,2167651
2014-09-13,288000,242318,2465000,2115326
2014-09-20,295000,239780,2447000,2070228
2014-09-27,290000,227571,2427000,2031751
2014-10-04,293000,257545,2441000,2018858
2014-10-11,281000,273756,2409000,2006710
2014-10-18,290000,256166,2437000,2081161
2014-10-25,291000,271331,2406000,2045437
2014-11-01,280000,266921,2436000,2116640
2014-11-08,291000,309338,2384000,2067337
2014-11-15,293000,286115,2351000,2193628
2014-11-22,303000,357202,2389000,2102005
2014-11-29,291000,294389,2484000,2515910
2014-12-06,291000,389284,2381000,2354533
2014-12-13,286000,327827,2379000,2478752
2014-12-20,276000,340827,2338000,2352296
2014-12-27,285000,389757,2422000,2795271
2015-01-03,294000,439342,2381000,2990368
2015-01-10,304000,529685,2400000,2911674
2015-01-17,298000,383538,2336000,2784735
2015-01-24,261000,281885,2335000,2827617
2015-01-31,281000,306643,2297000,2795975
2015-02-07,298000,324158,2344000,2809938
2015-02-14,285000,277904,2319000,2752771
2015-02-21,305000,280639,2341000,2835373
2015-02-28,317000,315566,2357000,2804577
2015-03-07,293000,277925,2361000,2729749
2015-03-14,290000,260242,2361000,2705148
2015-03-21,284000,248032,2306000,2564097
2015-03-28,269000,239748,2278000,2476255
2015-04-04,282000,253533,2273000,2381913
2015-04-11,298000,308173,2320000,2389911
2015-04-18,295000,279797,2279000,2281070
2015-04-25,269000,250780,2254000,2199763
2015-05-02,267000,236421,2261000,2138615
2015-05-09,271000,242882,2253000,2079285
2015-05-16,276000,243612,2258000,2079191
2015-05-23,281000,253454,2236000,2018773
2015-05-30,275000,230676,2294000,2096986
2015-06-06,278000,275619,2250000,2056174
2015-06-13,269000,258764,2268000,2102652
2015-06-20,273000,263199,2265000,2106077
2015-06-27,275000,274646,2312000,2138353
2015-07-04,292000,303585,2233000,2235705
2015-07-11,285000,344471,2226000,2255273
2015-07-18,265000,262949,2267000,2258311
2015-07-25,269000,230314,2253000,2214919
2015-08-01,270000,224104,2257000,2209980
2015-08-08,274000,239326,2247000,2161191
2015-08-15,279000,229251,2256000,2163709
2015-08-22,274000,226649,2252000,2108101
2015-08-29,279000,230079,2258000,2061930
2015-09-05,273000,232507,2243000,1942822
2015-09-12,264000,198903,2255000,1938894
2015-09-19,269000,219342,2234000,1876960
2015-09-26,272000,215116,2240000,1870678
2015-10-03,267000,227176,2207000,1816410
2015-10-10,265000,256522,2214000,1826779
2015-10-17,264000,232860,2194000,1860474
2015-10-24,264000,245365,2218000,1874526
2015-10-31,275000,258440,2205000,1900517
2015-11-07,276000,291098,2209000,1905959
2015-11-14,272000,264816,2185000,2006025
2015-11-21,261000,305424,2181000,1891197
2015-11-28,265000,262628,2259000,2299417
2015-12-05,280000,384491,2242000,2206522
2015-12-12,268000,313276,2190000,2286725
2015-12-19,260000,319641,2176000,2191682
2015-12-26,276000,346542,2207000,2502457
2016-01-02,273000,405368,2218000,2803326
2016-01-09,284000,502904,2190000,2680476
2016-01-16,290000,378747,2221000,2656738
2016-01-23,269000,295936,2199000,2688858
2016-01-30,282000,311940,2210000,2680598
2016-02-06,266000,290796,2213000,2657981
2016-02-13,262000,258380,2206000,2612427
2016-02-20,270000,248870,2203000,2670398
2016-02-27,269000,265802,2180000,2600820
2016-03-05,255000,247628,2203000,2548304
2016-03-12,263000,236888,2163000,2492144
2016-03-19,264000,230882,2138000,2409099
2016-03-26,271000,235716,2165000,2375518
2016-04-02,273000,245035,2151000,2280430
2016-04-09,263000,270419,2139000,2211972
2016-04-16,257000,242400,2135000,2154608
2016-04-23,259000,245040,2137000,2094406
2016-04-30,278000,243392,2183000,2080555
2016-05-07,289000,261899,2185000,2014816
2016-05-14,279000,244869,2177000,2009243
2016-05-21,267000,240798,2186000,1975916
2016-05-28,263000,246740,2131000,1939391
2016-06-04,265000,232300,2170000,1982999
2016-06-11,273000,266277,2158000,1994248
2016-06-18,261000,247968,2160000,2009079
2016-06-25,262000,263662,2139000,2044616
2016-07-02,255000,267437,2131000,2037038
2016-07-09,252000,298673,2125000,2161272
2016-07-16,260000,268526,2140000,2143920
2016-07-23,264000,231925,2134000,2104590
2016-07-30,266000,219202,2143000,2110850
2016-08-06,265000,231542,2157000,2083250
2016-08-13,264000,219570,2137000,2061744
2016-08-20,264000,217011,2148000,2021172
2016-08-27,261000,215688,2138000,1972966
2016-09-03,257000,217715,2149000,1867279
2016-09-10,252000,193291,2110000,1835919
2016-09-17,250000,205649,2098000,1756097
2016-09-24,247000,198455,2081000,1744083
2016-10-01,245000,200456,2080000,1709974
2016-10-08,250000,238581,2081000,1706702
2016-10-15,263000,233633,2069000,1739879
2016-10-22,256000,237314,2066000,1741961
2016-10-29,265000,245751,2067000,1763155
2016-11-05,250000,258608,2046000,1740791
2016-11-12,232000,223770,2045000,1857234
2016-11-19,246000,287794,2050000,1746231
2016-11-26,255000,249774,2038000,2070694
2016-12-03,248000,351580,2029000,1996669
2016-12-10,252000,305268,2030000,2097013
2016-12-17,260000,315068,2078000,2117870
2016-12-24,257000,343213,2077000,2253543
2016-12-31,244000,350561,2028000,2467654
2017-01-07,245000,414742,2080000,2518545
2017-01-14,240000,352799,2099000,2464292
2017-01-21,250000,284030,2067000,2494547
2017-01-28,241000,280983,2078000,2482809
2017-02-04,230000,259713,2064000,2464850
2017-02-11,233000,245886,2076000,2489682
2017-02-18,237000,239322,2034000,2392472
2017-02-25,221000,212829,2065000,2447592
2017-03-04,236000,243959,2020000,2349381
2017-03-11,228000,222227,2002000,2281836
2017-03-18,235000,224693,2021000,2283882
2017-03-25,236000,228269,2027000,2221962
2017-04-01,216000,208347,1990000,2136831
2017-04-08,222000,239823,1968000,2042394
2017-04-15,231000,225864,1961000,2012236
2017-04-22,238000,241611,1962000,1948731
2017-04-29,232000,210955,1896000,1852170
2017-05-06,233000,215040,1892000,1781847
2017-05-13,234000,206905,1902000,1783911
2017-05-20,236000,210544,1900000,1759705
2017-05-27,253000,232138,1891000,1751112
2017-06-03,251000,212696,1909000,1783314
2017-06-10,245000,234652,1914000,1795184
2017-06-17,249000,228883,1915000,1811385
2017-06-24,247000,239635,1929000,1867478
2017-07-01,256000,252886,1911000,1839969
2017-07-08,259000,284329,1942000,1996804
2017-07-15,245000,257763,1929000,1973777
2017-07-22,249000,220455,1928000,1939674
2017-07-29,245000,198776,1926000,1920454
2017-08-05,254000,211924,1928000,1889713
2017-08-12,245000,198280,1926000,1885774
2017-08-19,245000,195130,1928000,1841596
2017-08-26,247000,196227,1912000,1812487
2017-09-02,297000,250627,1911000,1699145
2017-09-09,280000,211923,1939000,1738986
2017-09-16,261000,212313,1872000,1622607
2017-09-23,264000,212987,1871000,1614906
2017-09-30,260000,204180,1871000,1582806
2017-10-07,252000,229241,1869000,1566253
2017-10-14,235000,205592,1902000,1603587
2017-10-21,241000,216004,1913000,1608736
2017-10-28,241000,215977,1927000,1631860
2017-11-04,248000,242111,1939000,1623213
2017-11-11,254000,236654,1944000,1724422
2017-11-18,246000,275004,1974000,1618630
2017-11-25,243000,224851,1997000,1957137
2017-12-02,241000,326052,1953000,1869012
2017-12-09,229000,282055,1984000,1968105
2017-12-16,244000,287479,2006000,1985967
2017-12-23,251000,325180,1979000,2066441
2017-12-30,248000,351500,1933000,2301683
2018-01-06,252000,403930,1971000,2416489
2018-01-13,230000,354708,1972000,2287734
2018-01-20,231000,260432,1990000,2376238
2018-01-27,228000,268197,1985000,2310659
2018-02-03,224000,243422,1996000,2323553
2018-02-10,225000,233252,1959000,2260662
2018-02-17,219000,212609,1985000,2258815
2018-02-24,216000,196294,1957000,2232578
2018-03-03,228000,225893,1960000,2193796
2018-03-10,223000,205185,1948000,2108273
2018-03-17,225000,198649,1959000,2111985
2018-03-24,221000,195433,1917000,2003104
2018-03-31,232000,201057,1943000,2001558
2018-04-07,234000,231759,1949000,1929729
2018-04-14,236000,226090,1900000,1865447
2018-04-21,207000,200139,1827000,1738881
2018-04-28,209000,186451,1834000,1724410
2018-05-05,211000,190262,1765000,1595249
2018-05-12,222000,195214,1769000,1604119
2018-05-19,230000,207043,1751000,1574005
2018-05-26,222000,202846,1737000,1573324
2018-06-02,223000,191523,1690000,1559759
2018-06-09,222000,217289,1693000,1588055
2018-06-16,218000,206023,1671000,1585979
2018-06-23,222000,222766,1671000,1645954
2018-06-30,228000,231539,1672000,1636791
2018-07-07,216000,264869,1676000,1772705
2018-07-14,205000,232238,1659000,1760512
2018-07-21,210000,201288,1624000,1710317
2018-07-28,207000,179880,1657000,1729890
2018-08-04,210000,185174,1624000,1678892
2018-08-11,206000,180038,1625000,1668840
2018-08-18,207000,173331,1605000,1624222
2018-08-25,211000,175745,1602000,1600035
2018-09-01,201000,173607,1575000,1494794
2018-09-08,204000,162640,1538000,1461553
2018-09-15,206000,173624,1544000,1412803
2018-09-22,205000,172930,1545000,1395338
2018-09-29,210000,171816,1553000,1369317
2018-10-06,211000,193936,1565000,1350834
2018-10-13,208000,190501,1588000,1370783
2018-10-20,217000,198733,1603000,1383438
2018-10-27,216000,198530,1615000,1392026
2018-11-03,218000,214814,1642000,1436650
2018-11-10,221000,235981,1665000,1447041
2018-11-17,225000,226576,1749000,1437625
2018-11-24,237000,218658,1684000,1665498
2018-12-01,232000,317936,1694000,1649838
2018-12-08,208000,261525,1745000,1722153
2018-12-15,217000,255195,1756000,1764701
2018-12-22,228000,291581,1770000,1798455
2018-12-29,238000,327388,1783000,2076626
2019-01-05,225000,350681,1766000,2172537
2019-01-12,218000,343678,1780000,2090268
2019-01-19,214000,269369,1813000,2124743
2019-01-26,234000,250580,1759000,2098575
2019-02-02,232000,254263,1806000,2142462
2019-02-09,226000,242762,1778000,2084361
2019-02-16,211000,210679,1826000,2125992
2019-02-23,221000,203049,1796000,2112404
2019-03-02,216000,220540,1807000,2088410
2019-03-09,218000,209302,1792000,2008348
2019-03-16,212000,194335,1800000,2009317
2019-03-23,210000,190023,1760000,1908355
2019-03-30,203000,183775,1742000,1861690
2019-04-06,196000,196071,1680000,1730108
2019-04-13,197000,196364,1664000,1703576
2019-04-20,222000,211762,1659000,1647874
2019-04-27,224000,204755,1663000,1633529
2019-05-04,225000,204033,1627000,1539086
2019-05-11,212000,188264,1635000,1543472
2019-05-18,215000,191931,1621000,1509265
2019-05-25,222000,198194,1629000,1521741
2019-06-01,223000,189577,1631000,1538065
2019-06-08,226000,220186,1608000,1522665
2019-06-15,217000,205921,1634000,1558646
2019-06-22,234000,225819,1625000,1588879
2019-06-29,226000,224565,1657000,1610633
2019-07-06,215000,231995,1633000,1702745
2019-07-13,211000,243621,1634000,1697505
2019-07-20,202000,196382,1623000,1680029
2019-07-27,206000,178897,1634000,1665287
2019-08-03,208000,179879,1656000,1679471
2019-08-10,212000,186914,1618000,1619391
2019-08-17,207000,171386,1629000,1615803
2019-08-24,213000,176867,1604000,1566934
2019-08-31,215000,179516,1591000,1476199
2019-09-07,207000,160342,1596000,1465554
2019-09-14,205000,173134,1567000,1399601
2019-09-21,211000,175394,1561000,1383346
2019-09-28,215000,172968,1600000,1392109
2019-10-05,209000,188106,1602000,1369887
2019-10-12,215000,201677,1611000,1386868
2019-10-19,210000,186748,1628000,1419512
2019-10-26,215000,198733,1633000,1423681
2019-11-02,214000,205625,1646000,1450304
2019-11-09,227000,238996,1668000,1460773
2019-11-16,229000,227892,1702000,1545007
2019-11-23,221000,252428,1702000,1508294
2019-11-30,231000,216827,1708000,1754590
2019-12-07,247000,317866,1728000,1728066
2019-12-14,236000,270547,1753000,1798885
2019-12-21,230000,287243,1754000,1776317
2019-12-28,231000,312524,1843000,2145748
2020-01-04,224000,335294,1827000,2251286
2020-01-11,207000,337883,1804000,2142711
2020-01-18,221000,281646,1774000,2082416
2020-01-25,210000,228443,1796000,2154866
2020-02-01,207000,224561,1755000,2088693
2020-02-08,202000,219459,1782000,2100473
2020-02-15,209000,209218,1760000,2062380
2020-02-22,218000,198845,1783000,2103967
2020-02-29,215000,216625,1771000,2055782
2020-03-07,208000,199914,1753000,1977774
2020-03-14,273000,251875,1844000,2072982
2020-03-21,2914000,2914268,3238000,3409946
2020-03-28,5946000,5981838,8004000,8155772
2020-04-04,6137000,6161268,12396000,12445761
2020-04-11,4869000,4898119,16193000,16257569
2020-04-18,4201000,4221704,17789000,17771539
2020-04-25,3446000,3466665,21750000,21750455
2020-05-02,2796000,2790860,20939000,20855239
2020-05-09,2335000,2325889,23130000,23037921
2020-05-16,2176000,2162822,19153000,19038443
2020-05-23,1921000,1902006,19194000,19117418
2020-05-30,1639000,1610909,19216000,19119534
2020-06-06,1575000,1555824,18743000,18687210
2020-06-13,1473000,1456353,17860000,17824245
2020-06-20,1467000,1446176,17501000,17518701
2020-06-27,1446000,1425969,16610000,16610187
2020-07-04,1413000,1390315,17273000,17393811
2020-07-11,1468000,1511632,16251000,16396755
2020-07-18,1393000,1372247,16799000,16882651
2020-07-25,1260000,1200962,15929000,15912870
2020-08-01,1044000,982808,15255000,15254647
2020-08-08,884000,830266,14184000,14155561
2020-08-15,927000,878555,13910000,13839981
2020-08-22,876000,813744,13217000,13111405
2020-08-29,881000,826436,13501000,13325312
2020-09-05,892000,857006,12765000,12408041
2020-09-12,861000,784765,12684000,12391859
2020-09-19,859000,814441,11367000,11037698
2020-09-26,795000,731391,10481000,10156207
2020-10-03,785000,722387,9270000,8917793
2020-10-10,839000,820590,8425000,8079336
2020-10-17,804000,757745,7777000,7458507
2020-10-24,776000,731660,7180000,6856962
2020-10-31,773000,736618,6705000,6463798
2020-11-07,737000,719716,6341000,6061953
2020-11-14,738000,708717,6088000,5917243
2020-11-21,793000,827447,5580000,5233699
2020-11-28,737000,710901,5784000,5790244
2020-12-05,873000,946091,5609000,5479766
2020-12-12,886000,928178,5416000,5415955
2020-12-19,815000,854113,5332000,5225786
2020-12-26,773000,823512,5181000,5362308
2021-01-02,803000,898597,5330000,5756886
2021-01-09,890000,1082696,5069000,5479170
2021-01-16,844000,930184,4877000,5189122
2021-01-23,799000,833704,4789000,5172094
2021-01-30,803000,843702,4658000,5016190
2021-02-06,812000,860209,4599000,4948967
2021-02-13,802000,827835,4495000,4804914
2021-02-20,702000,707268,4406000,4820155
2021-02-27,704000,749251,4227000,4539713
2021-03-06,693000,714661,4185000,4461608
2021-03-13,699000,750287,3970000,4200385
2021-03-20,627000,630621,3887000,4069329
2021-03-27,658000,701073,3859000,4002030
2021-04-03,645000,668346,3830000,3902729
2021-04-10,571000,620420,3779000,3828584
2021-04-17,566000,583397,3776000,3776395
2021-04-24,574000,611236,3767000,3763243
2021-05-01,517000,510161,3756000,3688043
2021-05-08,494000,488815,3737000,3666448
2021-05-15,467000,451302,3618000,3502467
2021-05-22,441000,416310,3575000,3499487
2021-05-29,427000,430171,3422000,3333477
2021-06-05,420000,364577,3350000,3296139
2021-06-12,428000,407148,3268000,3228357
2021-06-19,422000,396935,3263000,3282102
2021-06-26,369000,362899,3316000,3233414
2021-07-03,371000,382622,3182000,3121875
2021-07-10,332000,388662,3069000,3259565
2021-07-17,387000,411244,3142000,3260889
2021-07-24,380000,342003,2868000,2922698
2021-07-31,380000,325265,2793000,2849196
2021-08-07,361000,322782,2815000,2806138
2021-08-14,368000,309229,2805000,2807966
2021-08-21,358000,298533,2736000,2673190
2021-08-28,353000,291942,2789000,2660507
2021-09-04,337000,285683,2611000,2376245
2021-09-11,344000,265902,2756000,2505265
2021-09-18,367000,306581,2803000,2469313
2021-09-25,374000,301143,2722000,2395401
2021-10-02,314000,262105,2624000,2259403
2021-10-09,290000,280538,2536000,2166061
2021-10-16,290000,257197,2268000,1984074
2021-10-23,268000,247270,2173000,1881734
2021-10-30,262000,241656,2199000,1950768
2021-11-06,251000,256937,2041000,1781793
2021-11-13,250000,240332,1970000,1818308
2021-11-20,223000,253211,1807000,1559780
2021-11-27,222000,216420,1876000,1962434
2021-12-04,207000,283651,1767000,1733785
2021-12-11,227000,265349,1769000,1827028
2021-12-18,215000,254823,1625000,1637701
2021-12-25,216000,257349,1705000,1868469
2022-01-01,227000,314796,1690000,2061856
2022-01-08,247000,415162,1721000,2072681
2022-01-15,245000,337075,1697000,2009022
2022-01-22,238000,267637,1706000,2043402
2022-01-29,231000,258288,1692000,2005387
2022-02-05,210000,231452,1667000,1980368
2022-02-12,234000,240502,1634000,1918036
2022-02-19,225000,216574,1614000,1859328
2022-02-26,209000,196537,1610000,1917459
2022-03-05,222000,220486,1581000,1810381
2022-03-12,217000,204494,1538000,1727708
2022-03-19,207000,182581,1518000,1676374
2022-03-26,214000,197128,1528000,1654359
2022-04-02,215000,194671,1491000,1569797
2022-04-09,213000,223751,1426000,1467346
2022-04-16,209000,197219,1428000,1441824
2022-04-23,210000,202952,1422000,1403640
2022-04-30,219000,196422,1380000,1332072
2022-05-07,204000,185815,1367000,1283158
2022-05-14,225000,199631,1374000,1290047
2022-05-21,211000,187695,1360000,1256209
2022-05-28,200000,183446,1364000,1256450
2022-06-04,214000,186568,1349000,1270456
2022-06-11,213000,205890,1359000,1288323
2022-06-18,215000,206272,1362000,1302015
2022-06-25,212000,207061,1403000,1372008
2022-07-02,215000,218886,1363000,1327199
2022-07-09,212000,243485,1371000,1450142
2022-07-16,216000,237092,1392000,1443848
2022-07-23,220000,200929,1420000,1451592
2022-07-30,228000,196116,1429000,1457158
2022-08-06,221000,196308,1424000,1423854
2022-08-13,220000,187391,1411000,1414317
2022-08-20,215000,179211,1421000,1390837
2022-08-27,210000,173867,1420000,1365751
2022-09-03,204000,172835,1397000,1273057
2022-09-10,197000,152144,1402000,1279779
2022-09-17,201000,168702,1382000,1217825
2022-09-24,189000,153431,1397000,1233270
2022-10-01,204000,167378,1392000,1201432
2022-10-08,206000,198340,1406000,1199269
2022-10-15,199000,178773,1405000,1226861
2022-10-22,201000,184420,1432000,1239975
2022-10-29,202000,185973,1430000,1267368
2022-11-05,204000,206079,1409000,1230153
2022-11-12,210000,200237,1452000,1342834
2022-11-19,220000,249258,1465000,1261674
2022-11-26,209000,199323,1513000,1561449
2022-12-03,209000,287976,1537000,1503416
2022-12-10,210000,250038,1553000,1594527
2022-12-17,213000,248444,1557000,1577004
2022-12-24,204000,269877,1596000,1710626
2022-12-31,204000,278487,1585000,1870058
2023-01-07,208000,342411,1584000,1908639
2023-01-14,203000,292116,1601000,1863962
2023-01-21,203000,228356,1597000,1911213
2023-01-28,200000,227941,1628000,1925707
2023-02-04,215000,237150,1637000,1948437
2023-02-11,219000,227930,1643000,1928688
2023-02-18,217000,211588,1634000,1891796
2023-02-25,209000,193414,1661000,1970054
2023-03-04,229000,230148,1658000,1910050
2023-03-11,222000,210665,1674000,1878293
2023-03-18,230000,204021,1690000,1877339
2023-03-25,234000,214153,1701000,1841752
2023-04-01,217000,195200,1691000,1792755
2023-04-08,219000,223382,1735000,1785781
2023-04-15,223000,216740,1724000,1749975
2023-04-22,210000,203233,1708000,1687739
2023-04-29,214000,192152,1710000,1658533
2023-05-06,223000,203898,1715000,1610523
2023-05-13,225000,199654,1714000,1610901
2023-05-20,227000,201921,1739000,1608222
2023-05-27,230000,208053,1729000,1593705
2023-06-03,253000,219975,1755000,1647848
2023-06-10,258000,250795,1764000,1670300
2023-06-17,260000,249813,1759000,1674548
2023-06-24,236000,229726,1775000,1737351
2023-07-01,248000,251705,1778000,1724280
2023-07-08,229000,258065,1793000,1887928
2023-07-15,228000,258328,1772000,1835614
2023-07-22,231000,213497,1781000,1827375
2023-07-29,238000,205550,1778000,1809776
2023-08-05,258000,227917,1807000,1814133
2023-08-12,248000,213803,1801000,1802463
2023-08-19,240000,199517,1821000,1789862
2023-08-26,234000,193441,1806000,1747737
2023-09-02,227000,191353,1812000,1655840
2023-09-09,227000,175594,1799000,1645927
2023-09-16,210000,176586,1799000,1588285
2023-09-23,215000,175650,1793000,1585277
2023-09-30,216000,174701,1798000,1555172
2023-10-07,210000,199743,1808000,1542397
2023-10-14,200000,182394,1806000,1572658
2023-10-21,214000,193999,1816000,1574471
2023-10-28,217000,199306,1821000,1607693
2023-11-04,216000,214161,1805000,1578946
2023-11-11,229000,217438,1789000,1654732
2023-11-18,213000,240990,1807000,1555596
2023-11-25,214000,199750,1814000,1845084
2023-12-02,216000,294615,1813000,1767267
2023-12-09,204000,249090,1801000,1835427
2023-12-16,209000,241040,1801000,1836539
2023-12-23,210000,274840,1813000,1902054
2023-12-30,198000,269416,1752000,2104257
2024-01-06,199000,318906,1723000,2122561
2024-01-13,193000,291330,1752000,2053289
2024-01-20,223000,249947,1824000,2181430
2024-01-27,225000,263919,1802000,2130018
2024-02-03,214000,234729,1797000,2139970
2024-02-10,212000,223985,1781000,2092787
2024-02-17,203000,199337,1797000,2092108
2024-02-24,214000,195604,1790000,2113581
2024-03-02,212000,214425,1795000,2078603
2024-03-09,213000,202723,1790000,2008790
2024-03-16,213000,191773,1802000,2012613
2024-03-23,214000,193923,1788000,1937982
2024-03-30,223000,197349,1804000,1928017
2024-04-06,212000,215265,1793000,1848827
2024-04-13,211000,209064,1776000,1812811
2024-04-20,209000,202619,1771000,1753465
2024-04-27,209000,189634,1786000,1743445
2024-05-04,229000,210050,1790000,1686177
2024-05-11,222000,197680,1793000,1686782
2024-05-18,216000,192717,1798000,1666648
2024-05-25,221000,197164,1810000,1670550
2024-06-01,229000,196177,1825000,1708158
2024-06-08,241000,236046,1832000,1727754
2024-06-15,237000,227980,1844000,1747949
2024-06-22,233000,225100,1864000,1820786
2024-06-29,238000,239379,1856000,1795072
2024-07-06,222000,242191,1866000,1945762
2024-07-13,240000,280555,1853000,1913683
2024-07-20,236000,225839,1874000,1934409
2024-07-27,248000,216643,1876000,1906472
2024-08-03,234000,204030,1863000,1883316
2024-08-10,228000,200845,1859000,1857111
2024-08-17,232000,192463,1864000,1843165
2024-08-24,232000,192741,1849000,1800462
2024-08-31,228000,190631,1845000,1704574
2024-09-07,230000,178687,1827000,1671782
2024-09-14,222000,186835,1831000,1628013
2024-09-21,221000,181713,1825000,1613670
2024-09-28,227000,181210,1858000,1614324
2024-10-05,259000,236179,1869000,1598184
2024-10-12,240000,225245,1884000,1627757
2024-10-19,228000,203482,1855000,1616081
2024-10-26,218000,201447,1880000,1646920
2024-11-02,221000,212743,1872000,1647230
2024-11-09,219000,230810,1892000,1660806
2024-11-16,216000,214257,1892000,1722043
2024-11-23,216000,245163,1871000,1661748
2024-11-30,225000,211226,1873000,1931449
2024-12-07,239000,309459,1862000,1864310
2024-12-14,222000,252071,1882000,1945890
2024-12-21,219000,275557,1828000,1859372
2024-12-28,209000,283488,1871000,2186732
2025-01-04,205000,306657,1850000,2273297
2025-01-11,217000,352357,1888000,2242358
2025-01-18,222000,284325,1849000,2170197
2025-01-25,210000,228320,1874000,2252149
2025-02-01,222000,241101,1839000,2187841
2025-02-08,215000,232745,1861000,2191941
2025-02-15,224000,223538,1847000,2162489
2025-02-22,243000,220856,1892000,2231017
2025-03-01,224000,226019,1851000,2151269
2025-03-08,223000,214006,1881000,2118174
2025-03-15,225000,207398,1847000,2074108
2025-03-22,225000,199900,1893000,2060082
2025-03-29,219000,200081,1844000,1985726
2025-04-05,224000,216534,1878000,1943696
2025-04-12,216000,220993,1833000,1880531
2025-04-19,223000,210713,1908000,1898289
2025-04-26,241000,223909,1872000,1838382
2025-05-03,229000,207814,1877000,1779757
2025-05-10,228000,204652,1893000,1779771
2025-05-17,226000,201764,1907000,1775572
2025-05-24,239000,211770,1902000,1755416
2025-05-31,248000,208969,1951000,1826082
2025-06-07,250000,245870,1937000,1813447
2025-06-14,246000,236518,1974000,1871477
2025-06-21,236000,227080,,
